,scaler,fs_model,fs_m,pca_n,tot_n_features,max_depth,n_estimators,train_mcc,val_mcc,train_balanced_acc,val_balanced_acc
0,RobustScaler,ExtraTreesClf_10,50,0,50,5,500,0.5368846157486977,0.365519906040632,0.9444901563083381,0.7989131787079001
1,RobustScaler,ExtraTreesClf_10,50,0,50,5,750,0.5355579241179868,0.3610422686636264,0.9456847193210829,0.7985826001955034
2,RobustScaler,ExtraTreesClf_10,50,0,50,5,1000,0.5374704571083628,0.36757015003241966,0.9458086862632318,0.802780147516218
3,RobustScaler,ExtraTreesClf_10,50,0,50,10,500,0.950284169777839,0.5198085729283449,0.9994628099173555,0.7216719985781569
4,RobustScaler,ExtraTreesClf_10,50,0,50,10,750,0.9435025677404325,0.5198085729283449,0.9993801652892562,0.7216719985781569
5,RobustScaler,ExtraTreesClf_10,50,0,50,10,1000,0.9482258785712555,0.5111618903686671,0.9994352617079889,0.7174640095974407
6,RobustScaler,ExtraTreesClf_10,50,0,50,20,500,1.0,0.5090041798831588,1.0,0.6689933795432329
7,RobustScaler,ExtraTreesClf_10,50,0,50,20,750,1.0,0.5090041798831588,1.0,0.6689933795432329
8,RobustScaler,ExtraTreesClf_10,50,0,50,20,1000,1.0,0.500466471867423,1.0,0.6648267128765663
9,RobustScaler,ExtraTreesClf_10,50,0,50,None,500,1.0,0.5009342502790476,1.0,0.6648267128765663
10,RobustScaler,ExtraTreesClf_10,50,0,50,None,750,1.0,0.500466471867423,1.0,0.6648267128765663
11,RobustScaler,ExtraTreesClf_10,50,0,50,None,1000,1.0,0.49137956412268663,1.0,0.6606600462098996
12,RobustScaler,ExtraTreesClf_10,50,5,55,5,500,0.5168963617526335,0.3741327819726746,0.9426619844801662,0.8154249977783703
13,RobustScaler,ExtraTreesClf_10,50,5,55,5,750,0.5140082608282972,0.3784271900331531,0.9412057134784407,0.8195916644450367
14,RobustScaler,ExtraTreesClf_10,50,5,55,5,1000,0.5135297657492272,0.37736572977830907,0.9398734094188639,0.8156729316626679
15,RobustScaler,ExtraTreesClf_10,50,5,55,10,500,0.8736992400596736,0.4706522834023908,0.9984435261707989,0.7208868746112147
16,RobustScaler,ExtraTreesClf_10,50,5,55,10,750,0.8761672739308245,0.47964241265927965,0.9984710743801652,0.7210108415533635
17,RobustScaler,ExtraTreesClf_10,50,5,55,10,1000,0.8901728374184961,0.4833250029556906,0.9986776859504132,0.7170094641428952
18,RobustScaler,ExtraTreesClf_10,50,5,55,20,500,1.0,0.5149456161702131,1.0,0.6689002932551319
19,RobustScaler,ExtraTreesClf_10,50,5,55,20,750,1.0,0.5149456161702131,1.0,0.6689002932551319
20,RobustScaler,ExtraTreesClf_10,50,5,55,20,1000,1.0,0.5149456161702131,1.0,0.6689002932551319
21,RobustScaler,ExtraTreesClf_10,50,5,55,None,500,1.0,0.4985023851537833,1.0,0.6605669599217986
22,RobustScaler,ExtraTreesClf_10,50,5,55,None,750,1.0,0.5027136919410223,1.0,0.6606082822358482
23,RobustScaler,ExtraTreesClf_10,50,5,55,None,1000,1.0,0.5027136919410223,1.0,0.6606082822358482
24,RobustScaler,ExtraTreesClf_10,50,10,60,5,500,0.5046085060927502,0.3710644914959431,0.9368093522638977,0.8153010308362215
25,RobustScaler,ExtraTreesClf_10,50,10,60,5,750,0.5034947330528405,0.371309612438666,0.9341432557341647,0.8153010308362214
26,RobustScaler,ExtraTreesClf_10,50,10,60,5,1000,0.5042780119418022,0.3729883164546469,0.9328935963026872,0.8154249977783703
27,RobustScaler,ExtraTreesClf_10,50,10,60,10,500,0.8774445080357227,0.45917926596974595,0.9985123966942149,0.7168132942326491
28,RobustScaler,ExtraTreesClf_10,50,10,60,10,750,0.872843314502896,0.46918204210843145,0.9984435261707989,0.7169785834888476
29,RobustScaler,ExtraTreesClf_10,50,10,60,10,1000,0.8824339022529986,0.4604881309473309,0.9985812672176309,0.7087278947836132
30,RobustScaler,ExtraTreesClf_10,50,10,60,20,500,1.0,0.5295929798719164,1.0,0.6772336265884653
31,RobustScaler,ExtraTreesClf_10,50,10,60,20,750,1.0,0.5224465242033138,1.0,0.6730669599217985
32,RobustScaler,ExtraTreesClf_10,50,10,60,20,1000,1.0,0.5064139495983474,1.0,0.6647336265884652
33,RobustScaler,ExtraTreesClf_10,50,10,60,None,500,1.0,0.5266638724344229,1.0,0.6731082822358482
34,RobustScaler,ExtraTreesClf_10,50,10,60,None,750,1.0,0.5191629644013223,1.0,0.6689416155691815
35,RobustScaler,ExtraTreesClf_10,50,10,60,None,1000,1.0,0.5106252563855864,1.0,0.6647749489025149
36,RobustScaler,ExtraTreesClf_10,100,0,100,5,500,0.5648544765223878,0.39646393464650526,0.9584360084360084,0.8161170354572114
37,RobustScaler,ExtraTreesClf_10,100,0,100,5,750,0.5607889634851658,0.3888721731036864,0.9568006740734014,0.815455878432418
38,RobustScaler,ExtraTreesClf_10,100,0,100,5,1000,0.5748269921069684,0.40090719810411307,0.9563361386088659,0.8201906158357772
39,RobustScaler,ExtraTreesClf_10,100,0,100,10,500,0.9646520828438752,0.5456182663573413,0.9996280991735537,0.7303050297698392
40,RobustScaler,ExtraTreesClf_10,100,0,100,10,750,0.9634560338765645,0.543832405282471,0.9996143250688705,0.7262210077312716
41,RobustScaler,ExtraTreesClf_10,100,0,100,10,1000,0.96598441978908,0.5501129774248159,0.9996418732782368,0.7263036523593709
42,RobustScaler,ExtraTreesClf_10,100,0,100,20,500,1.0,0.5091629841975688,1.0,0.6691277881453835
43,RobustScaler,ExtraTreesClf_10,100,0,100,20,750,1.0,0.5091629841975688,1.0,0.6691277881453835
44,RobustScaler,ExtraTreesClf_10,100,0,100,20,1000,1.0,0.5138926909761252,1.0,0.6691691104594331
45,RobustScaler,ExtraTreesClf_10,100,0,100,None,500,1.0,0.48839646722265284,1.0,0.6528125833111169
46,RobustScaler,ExtraTreesClf_10,100,0,100,None,750,1.0,0.4916486367471683,1.0,0.6568035190615835
47,RobustScaler,ExtraTreesClf_10,100,0,100,None,1000,1.0,0.4916486367471683,1.0,0.6568035190615835
48,RobustScaler,ExtraTreesClf_10,100,5,105,5,500,0.5390654708208361,0.3732705689951908,0.9541360659542477,0.8116819959122012
49,RobustScaler,ExtraTreesClf_10,100,5,105,5,750,0.5405642346874681,0.38079853784818996,0.9555096923278742,0.8197569537012352
50,RobustScaler,ExtraTreesClf_10,100,5,105,5,1000,0.5447256195456266,0.3813030778815952,0.9531067921977013,0.8159208655469652
51,RobustScaler,ExtraTreesClf_10,100,5,105,10,500,0.9209927245019459,0.495960073296768,0.9991046831955923,0.7093994934684085
52,RobustScaler,ExtraTreesClf_10,100,5,105,10,750,0.9210347440570137,0.48837703588335146,0.9991046831955923,0.7052328268017418
53,RobustScaler,ExtraTreesClf_10,100,5,105,10,1000,0.926371348875425,0.48254487407288527,0.9991735537190083,0.6970234604105572
54,RobustScaler,ExtraTreesClf_10,100,5,105,20,500,1.0,0.49488007119801736,1.0,0.6606600462098995
55,RobustScaler,ExtraTreesClf_10,100,5,105,20,750,1.0,0.5028993792224357,1.0,0.6648267128765661
56,RobustScaler,ExtraTreesClf_10,100,5,105,20,1000,1.0,0.49310140714310896,1.0,0.6568035190615835
57,RobustScaler,ExtraTreesClf_10,100,5,105,None,500,1.0,0.4703419719205172,1.0,0.6484288634142006
58,RobustScaler,ExtraTreesClf_10,100,5,105,None,750,1.0,0.4993238250741794,1.0,0.6608357771260998
59,RobustScaler,ExtraTreesClf_10,100,5,105,None,1000,1.0,0.49730785890510365,1.0,0.6568448413756331
60,RobustScaler,ExtraTreesClf_10,100,10,110,5,500,0.5340090820005593,0.39377932200309834,0.9526522467431559,0.8244916911045943
61,RobustScaler,ExtraTreesClf_10,100,10,110,5,750,0.53238983269946,0.3906362961870196,0.9499600904146357,0.8205420776681773
62,RobustScaler,ExtraTreesClf_10,100,10,110,5,1000,0.5343639291073671,0.3953143537564448,0.952666020847839,0.8245743357326936
63,RobustScaler,ExtraTreesClf_10,100,10,110,10,500,0.9184107383320808,0.5037099884627919,0.9990633608815427,0.713566160135075
64,RobustScaler,ExtraTreesClf_10,100,10,110,10,750,0.9176075006238594,0.5004887340264995,0.9990495867768595,0.7094408157824581
65,RobustScaler,ExtraTreesClf_10,100,10,110,10,1000,0.9226403249710298,0.5054025828752997,0.9991184573002756,0.7095234604105571
66,RobustScaler,ExtraTreesClf_10,100,10,110,20,500,1.0,0.49590743273747173,1.0,0.6607944548120501
67,RobustScaler,ExtraTreesClf_10,100,10,110,20,750,1.0,0.5035156253738287,1.0,0.6649611214787168
68,RobustScaler,ExtraTreesClf_10,100,10,110,20,1000,1.0,0.5026182813452855,1.0,0.6649611214787168
69,RobustScaler,ExtraTreesClf_10,100,10,110,None,500,1.0,0.5106100980392143,1.0,0.6609184217541988
70,RobustScaler,ExtraTreesClf_10,100,10,110,None,750,1.0,0.49464440123041353,1.0,0.652719497023016
71,RobustScaler,ExtraTreesClf_10,100,10,110,None,1000,1.0,0.49631507457145435,1.0,0.6568448413756331
72,RobustScaler,ExtraTreesClf_10,150,0,150,5,500,0.5363738545198454,0.37319070517652175,0.9705115591479228,0.8226839509464142
73,RobustScaler,ExtraTreesClf_10,150,0,150,5,750,0.5411051890151771,0.3904757636637825,0.9734821743912653,0.8353801208566605
74,RobustScaler,ExtraTreesClf_10,150,0,150,5,1000,0.5489058340175625,0.37862636309795455,0.9738540752177115,0.8230971740869102
75,RobustScaler,ExtraTreesClf_10,150,0,150,10,500,0.9399553832532539,0.5482675688129579,0.9993388429752066,0.7386074824491247
76,RobustScaler,ExtraTreesClf_10,150,0,150,10,750,0.945125876631441,0.5505023757519426,0.9993939393939394,0.7386488047631743
77,RobustScaler,ExtraTreesClf_10,150,0,150,10,1000,0.9489283880925021,0.5432561882257685,0.9994352617079889,0.7303567937438906
78,RobustScaler,ExtraTreesClf_10,150,0,150,20,500,1.0,0.5367716428398379,1.0,0.6816691104594331
79,RobustScaler,ExtraTreesClf_10,150,0,150,20,750,1.0,0.5295201916369005,1.0,0.6775024437927664
80,RobustScaler,ExtraTreesClf_10,150,0,150,20,1000,1.0,0.5248990524397616,1.0,0.6774611214787168
81,RobustScaler,ExtraTreesClf_10,150,0,150,None,500,1.0,0.5138578666363068,1.0,0.6693035190615835
82,RobustScaler,ExtraTreesClf_10,150,0,150,None,750,1.0,0.5219119990005435,1.0,0.6733357771260997
83,RobustScaler,ExtraTreesClf_10,150,0,150,None,1000,1.0,0.5138926909761252,1.0,0.6691691104594331
84,RobustScaler,ExtraTreesClf_10,150,5,155,5,500,0.5464163422254418,0.38597861524199295,0.9715431285885832,0.8279249977783703
85,RobustScaler,ExtraTreesClf_10,150,5,155,5,750,0.5446503336634223,0.3975139006794237,0.9701557281102736,0.8364649426819515
86,RobustScaler,ExtraTreesClf_10,150,5,155,5,1000,0.5501805798385229,0.397602995628969,0.9691677766677766,0.8327632631298321
87,RobustScaler,ExtraTreesClf_10,150,5,155,10,500,0.920771549655291,0.5287821116703884,0.999090909090909,0.7261488047631742
88,RobustScaler,ExtraTreesClf_10,150,5,155,10,750,0.9254601370610586,0.5262207544135934,0.9991460055096419,0.7261074824491247
89,RobustScaler,ExtraTreesClf_10,150,5,155,10,1000,0.928623382788363,0.5355040019738441,0.9991873278236916,0.7302741491157914
90,RobustScaler,ExtraTreesClf_10,150,5,155,20,500,1.0,0.5333041620037053,1.0,0.68561872389585
91,RobustScaler,ExtraTreesClf_10,150,5,155,20,750,1.0,0.5391541640561189,1.0,0.6856600462098995
92,RobustScaler,ExtraTreesClf_10,150,5,155,20,1000,1.0,0.5255221560934544,1.0,0.6815864658313339
93,RobustScaler,ExtraTreesClf_10,150,5,155,None,500,1.0,0.5219119990005435,1.0,0.6733357771260997
94,RobustScaler,ExtraTreesClf_10,150,5,155,None,750,1.0,0.5219119990005435,1.0,0.6733357771260997
95,RobustScaler,ExtraTreesClf_10,150,5,155,None,1000,1.0,0.51723291380168,1.0,0.6732944548120502
96,RobustScaler,ExtraTreesClf_10,150,10,160,5,500,0.5400013651685096,0.39735754100060705,0.9699215683306592,0.8403423531502711
97,RobustScaler,ExtraTreesClf_10,150,10,160,5,750,0.5397160392599898,0.38940692076062644,0.9685754901663993,0.8320503421309873
98,RobustScaler,ExtraTreesClf_10,150,10,160,5,1000,0.5394461172088693,0.3896485680865032,0.9685754901663992,0.8320503421309873
99,RobustScaler,ExtraTreesClf_10,150,10,160,10,500,0.9091787932607626,0.510753027851622,0.9989531680440771,0.7136488047631743
100,RobustScaler,ExtraTreesClf_10,150,10,160,10,750,0.9187989703654765,0.49378586877703257,0.999077134986226,0.7093581711543588
101,RobustScaler,ExtraTreesClf_10,150,10,160,10,1000,0.9234372404146205,0.5166064460899494,0.9991322314049587,0.7137314493912734
102,RobustScaler,ExtraTreesClf_10,150,10,160,20,500,1.0,0.5301432952905932,1.0,0.6816277881453834
103,RobustScaler,ExtraTreesClf_10,150,10,160,20,750,1.0,0.5373947464935307,1.0,0.6857944548120501
104,RobustScaler,ExtraTreesClf_10,150,10,160,20,1000,1.0,0.5451767524037816,1.0,0.6898267128765663
105,RobustScaler,ExtraTreesClf_10,150,10,160,None,500,1.0,0.5295201916369005,1.0,0.6775024437927664
106,RobustScaler,ExtraTreesClf_10,150,10,160,None,750,1.0,0.5295201916369005,1.0,0.6775024437927664
107,RobustScaler,ExtraTreesClf_10,150,10,160,None,1000,1.0,0.5234820254417395,1.0,0.6774611214787167
108,RobustScaler,ExtraTreesClf_10,200,0,200,5,500,0.5309634080885892,0.38737333851735667,0.9731087851542397,0.8395159068692792
109,RobustScaler,ExtraTreesClf_10,200,0,200,5,750,0.5384017194295563,0.3881500423075746,0.973618427027518,0.8357211410290589
110,RobustScaler,ExtraTreesClf_10,200,0,200,5,1000,0.547610040340959,0.3856147697183451,0.974114294796113,0.8278010308362214
111,RobustScaler,ExtraTreesClf_10,200,0,200,10,500,0.9298213548409886,0.5288838851982334,0.9992011019283746,0.7301501821736426
112,RobustScaler,ExtraTreesClf_10,200,0,200,10,750,0.9295119324850118,0.5372998631596658,0.9992011019283746,0.7343581711543588
113,RobustScaler,ExtraTreesClf_10,200,0,200,10,1000,0.9372107911149337,0.5486675848954159,0.9992975206611571,0.7344821380965075
114,RobustScaler,ExtraTreesClf_10,200,0,200,20,500,1.0,0.5307334766446771,1.0,0.6816277881453835
115,RobustScaler,ExtraTreesClf_10,200,0,200,20,750,1.0,0.5451767524037816,1.0,0.6898267128765663
116,RobustScaler,ExtraTreesClf_10,200,0,200,20,1000,1.0,0.5385154825549279,1.0,0.6856600462098996
117,RobustScaler,ExtraTreesClf_10,200,0,200,None,500,1.0,0.5203659903357583,1.0,0.6734701857282502
118,RobustScaler,ExtraTreesClf_10,200,0,200,None,750,1.0,0.5203659903357583,1.0,0.6734701857282502
119,RobustScaler,ExtraTreesClf_10,200,0,200,None,1000,1.0,0.5152251681691404,1.0,0.6734288634142007
120,RobustScaler,ExtraTreesClf_10,200,5,205,5,500,0.5486907884896592,0.3866395560695913,0.9716410357319449,0.8240889096241002
121,RobustScaler,ExtraTreesClf_10,200,5,205,5,750,0.550713858072611,0.3966302034234637,0.973069758524304,0.8325462098995823
122,RobustScaler,ExtraTreesClf_10,200,5,205,5,1000,0.5525481147189043,0.39991317434926676,0.9718751955115592,0.8327528214698302
123,RobustScaler,ExtraTreesClf_10,200,5,205,10,500,0.9289276735161385,0.5283587144958231,0.9992011019283747,0.7343168488403093
124,RobustScaler,ExtraTreesClf_10,200,5,205,10,750,0.924825556880238,0.5279051184737802,0.9991460055096419,0.7301501821736426
125,RobustScaler,ExtraTreesClf_10,200,5,205,10,1000,0.9277366659401112,0.5400026861020261,0.9991873278236915,0.7343994934684084
126,RobustScaler,ExtraTreesClf_10,200,5,205,20,500,1.0,0.51897675351677,1.0,0.6772853905625167
127,RobustScaler,ExtraTreesClf_10,200,5,205,20,750,1.0,0.5266428921548516,1.0,0.6814520572291833
128,RobustScaler,ExtraTreesClf_10,200,5,205,20,1000,1.0,0.5266428921548516,1.0,0.6814520572291833
129,RobustScaler,ExtraTreesClf_10,200,5,205,None,500,1.0,0.49152773790425397,1.0,0.6609288634142007
130,RobustScaler,ExtraTreesClf_10,200,5,205,None,750,1.0,0.4926085752668895,1.0,0.6609288634142008
131,RobustScaler,ExtraTreesClf_10,200,5,205,None,1000,1.0,0.49884946637041283,1.0,0.6609701857282502
132,RobustScaler,ExtraTreesClf_10,200,10,210,5,500,0.5348863487305404,0.39803677033010143,0.9696888969616243,0.8403836754643206
133,RobustScaler,ExtraTreesClf_10,200,10,210,5,750,0.5384544589427949,0.3873792808458857,0.971201752792662,0.8318850528747889
134,RobustScaler,ExtraTreesClf_10,200,10,210,5,1000,0.5380207497424133,0.3922513149884088,0.967258448622085,0.8322569537012352
135,RobustScaler,ExtraTreesClf_10,200,10,210,10,500,0.9232948224542962,0.5341838777521448,0.9991184573002755,0.7343994934684084
136,RobustScaler,ExtraTreesClf_10,200,10,210,10,750,0.9242524699280561,0.515757782939669,0.9991322314049587,0.7259835155069759
137,RobustScaler,ExtraTreesClf_10,200,10,210,10,1000,0.9261535121897286,0.5244027684335125,0.999159779614325,0.7219821380965075
138,RobustScaler,ExtraTreesClf_10,200,10,210,20,500,1.0,0.5575906272540929,1.0,0.6939002932551319
139,RobustScaler,ExtraTreesClf_10,200,10,210,20,750,1.0,0.5525548006218102,1.0,0.6938589709410824
140,RobustScaler,ExtraTreesClf_10,200,10,210,20,1000,1.0,0.5451767524037816,1.0,0.6898267128765663
141,RobustScaler,ExtraTreesClf_10,200,10,210,None,500,1.0,0.528334923914497,1.0,0.6773680351906158
142,RobustScaler,ExtraTreesClf_10,200,10,210,None,750,1.0,0.5354813795830995,1.0,0.6815347018572826
143,RobustScaler,ExtraTreesClf_10,200,10,210,None,1000,1.0,0.5194425164002495,1.0,0.6734701857282503
144,RobustScaler,ExtraTreesClf_50,50,0,50,5,500,0.4298402087088387,0.3180010042382351,0.947432794478249,0.8271052163867414
145,RobustScaler,ExtraTreesClf_50,50,0,50,5,750,0.43385994979205394,0.3180671248342236,0.9478322435140618,0.8233517728605704
146,RobustScaler,ExtraTreesClf_50,50,0,50,5,1000,0.43949846499236733,0.32680960215511157,0.9484796264341718,0.8243435083977606
147,RobustScaler,ExtraTreesClf_50,50,0,50,10,500,0.8459394690126806,0.47669549569309555,0.9979752066115701,0.7371403181373856
148,RobustScaler,ExtraTreesClf_50,50,0,50,10,750,0.8454274219339357,0.4661691314048686,0.9979752066115702,0.7289827157202524
149,RobustScaler,ExtraTreesClf_50,50,0,50,10,1000,0.8508320085232433,0.4778027715885137,0.9980440771349862,0.7330976184128677
150,RobustScaler,ExtraTreesClf_50,50,0,50,20,500,1.0,0.5513188576231027,1.0,0.6895992179863148
151,RobustScaler,ExtraTreesClf_50,50,0,50,20,750,1.0,0.5578822152967757,1.0,0.6937658846529815
152,RobustScaler,ExtraTreesClf_50,50,0,50,20,1000,1.0,0.5513188576231027,1.0,0.6895992179863148
153,RobustScaler,ExtraTreesClf_50,50,0,50,None,500,1.0,0.5376140996048858,1.0,0.681400293255132
154,RobustScaler,ExtraTreesClf_50,50,0,50,None,750,1.0,0.5444820938553092,1.0,0.6854325513196482
155,RobustScaler,ExtraTreesClf_50,50,0,50,None,1000,1.0,0.5444820938553092,1.0,0.6854325513196482
156,RobustScaler,ExtraTreesClf_50,50,5,55,5,500,0.5077357907432551,0.3862716673322301,0.9460282646646283,0.8392988536390296
157,RobustScaler,ExtraTreesClf_50,50,5,55,5,750,0.5059728732747828,0.383044850620053,0.9432918092009002,0.8352148316004622
158,RobustScaler,ExtraTreesClf_50,50,5,55,5,1000,0.5082246672224949,0.3843325937379958,0.9447220204038387,0.8352561539145116
159,RobustScaler,ExtraTreesClf_50,50,5,55,10,500,0.8433058350108883,0.46410341807411737,0.9979476584022038,0.7288069848040524
160,RobustScaler,ExtraTreesClf_50,50,5,55,10,750,0.8478668460583115,0.4673419906288043,0.9980165289256198,0.7288483071181018
161,RobustScaler,ExtraTreesClf_50,50,5,55,10,1000,0.8519612716767754,0.4673419906288043,0.998099173553719,0.7288483071181018
162,RobustScaler,ExtraTreesClf_50,50,5,55,20,500,1.0,0.549105785847992,1.0,0.6894234870701146
163,RobustScaler,ExtraTreesClf_50,50,5,55,20,750,1.0,0.549105785847992,1.0,0.6894234870701146
164,RobustScaler,ExtraTreesClf_50,50,5,55,20,1000,1.0,0.549105785847992,1.0,0.6894234870701146
165,RobustScaler,ExtraTreesClf_50,50,5,55,None,500,1.0,0.5460332424864566,1.0,0.6854325513196482
166,RobustScaler,ExtraTreesClf_50,50,5,55,None,750,1.0,0.5460332424864566,1.0,0.6854325513196482
167,RobustScaler,ExtraTreesClf_50,50,5,55,None,1000,1.0,0.5460332424864566,1.0,0.6854325513196482
168,RobustScaler,ExtraTreesClf_50,50,10,60,5,500,0.5039036661094696,0.3733568752712091,0.9380590116953753,0.8269228205811784
169,RobustScaler,ExtraTreesClf_50,50,10,60,5,750,0.5046433849155374,0.381128049763751,0.9367955781592144,0.8275013329778727
170,RobustScaler,ExtraTreesClf_50,50,10,60,5,1000,0.5074308668352929,0.38234486516992805,0.9382518491609402,0.8275839776059717
171,RobustScaler,ExtraTreesClf_50,50,10,60,10,500,0.856705063007442,0.47046408941733464,0.9981955922865013,0.7249295743357328
172,RobustScaler,ExtraTreesClf_50,50,10,60,10,750,0.8594054566503082,0.47086741860264386,0.998236914600551,0.7249295743357327
173,RobustScaler,ExtraTreesClf_50,50,10,60,10,1000,0.8613989320853148,0.4736782504021156,0.9982644628099173,0.7249708966497823
174,RobustScaler,ExtraTreesClf_50,50,10,60,20,500,1.0,0.5466776675132909,1.0,0.6813485292810807
175,RobustScaler,ExtraTreesClf_50,50,10,60,20,750,1.0,0.5411633035874486,1.0,0.6813072069670311
176,RobustScaler,ExtraTreesClf_50,50,10,60,20,1000,1.0,0.5411633035874486,1.0,0.6813072069670311
177,RobustScaler,ExtraTreesClf_50,50,10,60,None,500,1.0,0.5539912511631834,1.0,0.6855151959477473
178,RobustScaler,ExtraTreesClf_50,50,10,60,None,750,1.0,0.548476887237341,1.0,0.6854738736336977
179,RobustScaler,ExtraTreesClf_50,50,10,60,None,1000,1.0,0.548476887237341,1.0,0.6854738736336977
180,RobustScaler,ExtraTreesClf_50,100,0,100,5,500,0.5799487343577138,0.4206489184233121,0.9570799402617585,0.8298671465387009
181,RobustScaler,ExtraTreesClf_50,100,0,100,5,750,0.586123437417785,0.4283036830042428,0.9600352929898384,0.8302803696791967
182,RobustScaler,ExtraTreesClf_50,100,0,100,5,1000,0.5904039190234056,0.43064712903557817,0.9602296188659825,0.830445658935395
183,RobustScaler,ExtraTreesClf_50,100,0,100,10,500,0.9018584667199098,0.5281799891557016,0.9988567493112948,0.738090731360526
184,RobustScaler,ExtraTreesClf_50,100,0,100,10,750,0.9039582719430572,0.5191623519898644,0.9988842975206611,0.7379254421043278
185,RobustScaler,ExtraTreesClf_50,100,0,100,10,1000,0.9102310753067945,0.5191623519898644,0.9989669421487603,0.7379254421043278
186,RobustScaler,ExtraTreesClf_50,100,0,100,20,500,1.0,0.5597331507271686,1.0,0.7018408424420154
187,RobustScaler,ExtraTreesClf_50,100,0,100,20,750,1.0,0.5714055227673295,1.0,0.7060488314227318
188,RobustScaler,ExtraTreesClf_50,100,0,100,20,1000,1.0,0.5768560368347564,1.0,0.7060901537367813
189,RobustScaler,ExtraTreesClf_50,100,0,100,None,500,1.0,0.5387532615391147,1.0,0.689475251044166
190,RobustScaler,ExtraTreesClf_50,100,0,100,None,750,1.0,0.5432480187997442,1.0,0.6895165733582156
191,RobustScaler,ExtraTreesClf_50,100,0,100,None,1000,1.0,0.5536326526054647,1.0,0.6895992179863147
192,RobustScaler,ExtraTreesClf_50,100,5,105,5,500,0.5556361843068771,0.41990360817230277,0.9615719129355493,0.8376528481293878
193,RobustScaler,ExtraTreesClf_50,100,5,105,5,750,0.555326084400583,0.42128051811526257,0.9616009495554949,0.8377768150715366
194,RobustScaler,ExtraTreesClf_50,100,5,105,5,1000,0.5606383027516946,0.4230604942504167,0.9618473950292132,0.8379007820136852
195,RobustScaler,ExtraTreesClf_50,100,5,105,10,500,0.90923380146544,0.5077373814082098,0.9989531680440771,0.7296334310850441
196,RobustScaler,ExtraTreesClf_50,100,5,105,10,750,0.906110319035086,0.5180303055126917,0.9989118457300274,0.7338414200657603
197,RobustScaler,ExtraTreesClf_50,100,5,105,10,1000,0.909187537286564,0.5208411373121634,0.9989531680440771,0.7338827423798099
198,RobustScaler,ExtraTreesClf_50,100,5,105,20,500,1.0,0.5481812204625018,1.0,0.6936419177108326
199,RobustScaler,ExtraTreesClf_50,100,5,105,20,750,1.0,0.54836508456052,1.0,0.6937763263129832
200,RobustScaler,ExtraTreesClf_50,100,5,105,20,1000,1.0,0.5552330788109434,1.0,0.6978085843774993
201,RobustScaler,ExtraTreesClf_50,100,5,105,None,500,1.0,0.5545561265409734,1.0,0.6895992179863147
202,RobustScaler,ExtraTreesClf_50,100,5,105,None,750,1.0,0.54768813229055,1.0,0.6855669599217986
203,RobustScaler,ExtraTreesClf_50,100,5,105,None,1000,1.0,0.5474312650450954,1.0,0.6855669599217986
204,RobustScaler,ExtraTreesClf_50,100,10,110,5,500,0.5382764121921508,0.403423326711518,0.9555372405372404,0.8328250244379276
205,RobustScaler,ExtraTreesClf_50,100,10,110,5,750,0.5463599867089833,0.40284175397626165,0.9546181596181597,0.825028881187239
206,RobustScaler,ExtraTreesClf_50,100,10,110,5,1000,0.5461844815756599,0.41083770285207855,0.9532843671480035,0.8294021594241535
207,RobustScaler,ExtraTreesClf_50,100,10,110,10,500,0.9036733522292546,0.5154673036137177,0.9988842975206611,0.7338414200657603
208,RobustScaler,ExtraTreesClf_50,100,10,110,10,750,0.902604273281433,0.5077373814082098,0.998870523415978,0.7296334310850441
209,RobustScaler,ExtraTreesClf_50,100,10,110,10,1000,0.9048771725306176,0.5099976429528735,0.9988980716253444,0.7296747533990936
210,RobustScaler,ExtraTreesClf_50,100,10,110,20,500,1.0,0.5516837536003648,1.0,0.6936832400248822
211,RobustScaler,ExtraTreesClf_50,100,10,110,20,750,1.0,0.5457547022393784,1.0,0.6936419177108326
212,RobustScaler,ExtraTreesClf_50,100,10,110,20,1000,1.0,0.5619074519318757,1.0,0.6937658846529814
213,RobustScaler,ExtraTreesClf_50,100,10,110,None,500,1.0,0.5601095945160843,1.0,0.6937658846529815
214,RobustScaler,ExtraTreesClf_50,100,10,110,None,750,1.0,0.5550737678838016,1.0,0.6937245623389319
215,RobustScaler,ExtraTreesClf_50,100,10,110,None,1000,1.0,0.5619074519318757,1.0,0.6937658846529814
216,RobustScaler,ExtraTreesClf_50,150,0,150,5,500,0.6079429315045825,0.4417194689474706,0.9677190738554374,0.8349737847685063
217,RobustScaler,ExtraTreesClf_50,150,0,150,5,750,0.603318899579766,0.4326459637597222,0.9675109738746103,0.8307349151337421
218,RobustScaler,ExtraTreesClf_50,150,0,150,5,1000,0.6114420988805715,0.44358517310985957,0.9678277782823237,0.8312721052163867
219,RobustScaler,ExtraTreesClf_50,150,0,150,10,500,0.926154015923181,0.5382540021096095,0.9991735537190083,0.734171998578157
220,RobustScaler,ExtraTreesClf_50,150,0,150,10,750,0.9275020770591423,0.5332798443854823,0.9991873278236915,0.7340893539500578
221,RobustScaler,ExtraTreesClf_50,150,0,150,10,1000,0.9295641806051715,0.5358567810695913,0.9992148760330578,0.7341306762641074
222,RobustScaler,ExtraTreesClf_50,150,0,150,20,500,1.0,0.5577659060944511,1.0,0.6940347018572824
223,RobustScaler,ExtraTreesClf_50,150,0,150,20,750,1.0,0.5482502216060532,1.0,0.6939520572291832
224,RobustScaler,ExtraTreesClf_50,150,0,150,20,1000,1.0,0.5482502216060532,1.0,0.6939520572291832
225,RobustScaler,ExtraTreesClf_50,150,0,150,None,500,1.0,0.5560229149606652,1.0,0.6899093575046654
226,RobustScaler,ExtraTreesClf_50,150,0,150,None,750,1.0,0.5458933156943748,1.0,0.6898267128765662
227,RobustScaler,ExtraTreesClf_50,150,0,150,None,1000,1.0,0.5458933156943748,1.0,0.6898267128765662
228,RobustScaler,ExtraTreesClf_50,150,5,155,5,500,0.5754128956562623,0.4097624591288474,0.9637031150667514,0.8293712787701057
229,RobustScaler,ExtraTreesClf_50,150,5,155,5,750,0.5802200965425863,0.41559509799964217,0.9639357864357865,0.829743179596552
230,RobustScaler,ExtraTreesClf_50,150,5,155,5,1000,0.5829097933392213,0.423989581617411,0.9627549975277249,0.8302390473651471
231,RobustScaler,ExtraTreesClf_50,150,5,155,10,500,0.9099569666785217,0.5060755483113414,0.9989669421487603,0.7216411179241091
232,RobustScaler,ExtraTreesClf_50,150,5,155,10,750,0.9146589736999772,0.5095473496319743,0.999022038567493,0.7256320536745757
233,RobustScaler,ExtraTreesClf_50,150,5,155,10,1000,0.9198711101172017,0.5118184992594654,0.999090909090909,0.7217237625522083
234,RobustScaler,ExtraTreesClf_50,150,5,155,20,500,1.0,0.5545700411524235,1.0,0.69811872389585
235,RobustScaler,ExtraTreesClf_50,150,5,155,20,750,1.0,0.5545700411524235,1.0,0.69811872389585
236,RobustScaler,ExtraTreesClf_50,150,5,155,20,1000,1.0,0.5545700411524235,1.0,0.69811872389585
237,RobustScaler,ExtraTreesClf_50,150,5,155,None,500,1.0,0.5388905955430376,1.0,0.6856600462098995
238,RobustScaler,ExtraTreesClf_50,150,5,155,None,750,1.0,0.534684143781043,1.0,0.6856187238958499
239,RobustScaler,ExtraTreesClf_50,150,5,155,None,1000,1.0,0.5524566733680478,1.0,0.6939933795432328
240,RobustScaler,ExtraTreesClf_50,150,10,160,5,500,0.5682554610989754,0.41462353711902394,0.9622315815497635,0.8296500933084511
241,RobustScaler,ExtraTreesClf_50,150,10,160,5,750,0.5646384663460502,0.42420592133672363,0.9620387440841986,0.8379834266417845
242,RobustScaler,ExtraTreesClf_50,150,10,160,5,1000,0.5701911956506438,0.41353395374171265,0.9622729038638129,0.8295674486803519
243,RobustScaler,ExtraTreesClf_50,150,10,160,10,500,0.9131119705288274,0.4941842566209091,0.99900826446281,0.7134835155069759
244,RobustScaler,ExtraTreesClf_50,150,10,160,10,750,0.9161924902717609,0.4941842566209091,0.9990495867768594,0.7134835155069759
245,RobustScaler,ExtraTreesClf_50,150,10,160,10,1000,0.9214506940648934,0.497372362382061,0.9991184573002756,0.7135248378210255
246,RobustScaler,ExtraTreesClf_50,150,10,160,20,500,1.0,0.550761260378459,1.0,0.6980774015818004
247,RobustScaler,ExtraTreesClf_50,150,10,160,20,750,1.0,0.5545700411524235,1.0,0.69811872389585
248,RobustScaler,ExtraTreesClf_50,150,10,160,20,1000,1.0,0.5545700411524235,1.0,0.69811872389585
249,RobustScaler,ExtraTreesClf_50,150,10,160,None,500,1.0,0.5524566733680478,1.0,0.6939933795432328
250,RobustScaler,ExtraTreesClf_50,150,10,160,None,750,1.0,0.5524566733680478,1.0,0.6939933795432328
251,RobustScaler,ExtraTreesClf_50,150,10,160,None,1000,1.0,0.5388905955430376,1.0,0.6856600462098995
252,RobustScaler,ExtraTreesClf_50,200,0,200,5,500,0.584091263614539,0.42556037687057036,0.9706002835548291,0.8417264285079535
253,RobustScaler,ExtraTreesClf_50,200,0,200,5,750,0.5812562767115155,0.4214394610233926,0.9703936719845809,0.8376941704434373
254,RobustScaler,ExtraTreesClf_50,200,0,200,5,1000,0.5850045899742815,0.4252372160265764,0.9732112836658293,0.8379007820136852
255,RobustScaler,ExtraTreesClf_50,200,0,200,10,500,0.911331241667996,0.5223613037942061,0.9989807162534435,0.7339240646938594
256,RobustScaler,ExtraTreesClf_50,200,0,200,10,750,0.911254763208037,0.5166934514973989,0.9989807162534434,0.7338000977517107
257,RobustScaler,ExtraTreesClf_50,200,0,200,10,1000,0.9187681179110098,0.5320335836328868,0.999077134986226,0.7340480316360082
258,RobustScaler,ExtraTreesClf_50,200,0,200,20,500,1.0,0.5616088337931324,1.0,0.7022853905625166
259,RobustScaler,ExtraTreesClf_50,200,0,200,20,750,1.0,0.5616088337931324,1.0,0.7022853905625166
260,RobustScaler,ExtraTreesClf_50,200,0,200,20,1000,1.0,0.5683748471672115,1.0,0.7064520572291833
261,RobustScaler,ExtraTreesClf_50,200,0,200,None,500,1.0,0.5573039856168664,1.0,0.6940347018572824
262,RobustScaler,ExtraTreesClf_50,200,0,200,None,750,1.0,0.5569514306286772,1.0,0.6940347018572824
263,RobustScaler,ExtraTreesClf_50,200,0,200,None,1000,1.0,0.5615104373788611,1.0,0.6940760241713321
264,RobustScaler,ExtraTreesClf_50,200,5,205,5,500,0.5660172976164856,0.41461164329588307,0.9685792742610924,0.8373635919310407
265,RobustScaler,ExtraTreesClf_50,200,5,205,5,750,0.5694626856206537,0.4119467847912095,0.9687032412032412,0.8334139784946236
266,RobustScaler,ExtraTreesClf_50,200,5,205,5,1000,0.5692323113209925,0.40663258679559877,0.9687445635172907,0.829247311827957
267,RobustScaler,ExtraTreesClf_50,200,5,205,10,500,0.9148616114429854,0.5225644149660456,0.999022038567493,0.7340584732960099
268,RobustScaler,ExtraTreesClf_50,200,5,205,10,750,0.9202930004088584,0.5186488102597929,0.999090909090909,0.7299331289433928
269,RobustScaler,ExtraTreesClf_50,200,5,205,10,1000,0.9200006438879396,0.523385922816338,0.9990909090909091,0.730015773571492
270,RobustScaler,ExtraTreesClf_50,200,5,205,20,500,1.0,0.5494422198636824,1.0,0.6939520572291833
271,RobustScaler,ExtraTreesClf_50,200,5,205,20,750,1.0,0.5535594543324565,1.0,0.6939933795432328
272,RobustScaler,ExtraTreesClf_50,200,5,205,20,1000,1.0,0.5494422198636824,1.0,0.6939520572291833
273,RobustScaler,ExtraTreesClf_50,200,5,205,None,500,1.0,0.5471373779998071,1.0,0.6898267128765662
274,RobustScaler,ExtraTreesClf_50,200,5,205,None,750,1.0,0.5471373779998071,1.0,0.6898267128765662
275,RobustScaler,ExtraTreesClf_50,200,5,205,None,1000,1.0,0.5471373779998071,1.0,0.6898267128765662
276,RobustScaler,ExtraTreesClf_50,200,10,210,5,500,0.5502879522557158,0.40784364132944545,0.9691540025630934,0.8445707811250334
277,RobustScaler,ExtraTreesClf_50,200,10,210,5,750,0.5561058740421242,0.41662957532712264,0.9694845810754902,0.8451492935217275
278,RobustScaler,ExtraTreesClf_50,200,10,210,5,1000,0.5583186803145155,0.41027611643828454,0.9682762439580621,0.8371156580467431
279,RobustScaler,ExtraTreesClf_50,200,10,210,10,500,0.9065800649173188,0.5179622789558059,0.9989256198347107,0.7338827423798099
280,RobustScaler,ExtraTreesClf_50,200,10,210,10,750,0.9118293351444643,0.516340205681521,0.9989944903581267,0.7297987203412423
281,RobustScaler,ExtraTreesClf_50,200,10,210,10,1000,0.9205888041317318,0.516910277362778,0.9991046831955923,0.7299331289433928
282,RobustScaler,ExtraTreesClf_50,200,10,210,20,500,1.0,0.5556304645492457,1.0,0.69811872389585
283,RobustScaler,ExtraTreesClf_50,200,10,210,20,750,1.0,0.5556304645492457,1.0,0.69811872389585
284,RobustScaler,ExtraTreesClf_50,200,10,210,20,1000,1.0,0.5494422198636824,1.0,0.6939520572291833
285,RobustScaler,ExtraTreesClf_50,200,10,210,None,500,1.0,0.5324057967420677,1.0,0.6816277881453834
286,RobustScaler,ExtraTreesClf_50,200,10,210,None,750,1.0,0.5376563909096164,1.0,0.6815347018572825
287,RobustScaler,ExtraTreesClf_50,200,10,210,None,1000,1.0,0.5298743849993655,1.0,0.6775024437927664
